parent;pagetitle;content1;content2;price;picture;picture-big;brand;
39;Мультиварка SUPRA MCS-4501;<ul class="tec-char">                        <li class="tec-char"><span>Код марки:</span> <a href="http://www.electrovenik.ru/catalog/small/melkaja_kuhonnaja_tehnika/multivarki?mfr=2092">SUPRA</a> </li>                        <li class="tec-char"><span>Высота:</span> 34.8 см</li>                        <li class="tec-char"><span>Глубина:</span> 27.5 см</li>                        <li class="tec-char"><span>Ширина:</span> 25 см</li>                        <li class="tec-char"><span>Максимальный вес выпечки:</span> 900 г</li>                        <li class="tec-char"><span>Объем:</span> 5 л</li>                        <li class="tec-char"><span>Тип управления:</span> электронное </li>                        <li class="tec-char"><span>Таймер:</span> Есть </li>                        <li class="tec-char"><span>Мощность:</span> 670 Вт</li>                        <li class="tec-char"><span>Тип:</span> мультиварка </li>                        <li class="tec-char"><span>Максимальное время установки таймера:</span> 11 ч</li>                        <li class="tec-char"><span>Отложенный старт:</span> Есть </li>                        <li class="tec-char"><span>Поддержание тепла:</span> Есть </li>						</ul>;<table class="item-tec-char" id="tthtable">						<tr><th colspan="2"></th></tr>						<tr><th colspan="2">Габариты</th></tr>						<tr><td class="tthlbl">Высота:</td><td>34.8см</td></tr>						<tr><td class="tthlbl">Глубина:</td><td>27.5см</td></tr>						<tr><td class="tthlbl">Ширина:</td><td>25см</td></tr>						<tr><th colspan="2">Габариты и вес</th></tr>						<tr><td class="tthlbl">Вес:</td><td>3.4кг</td></tr>						<tr><th colspan="2">Общие характеристики</th></tr>						<tr><td class="tthlbl">Максимальный вес выпечки:</td><td>900г</td></tr>						<tr><td class="tthlbl">Объем:</td><td>5л</td></tr>						<tr><td class="tthlbl">Приготовление на пару:</td><td>Есть</td></tr>						<tr><td class="tthlbl">Тип управления:</td><td>электронное</td></tr>						<tr><th colspan="2">Особенности</th></tr>						<tr><td class="tthlbl">Таймер:</td><td>Есть</td></tr>						<tr><th colspan="2">Технические характеристики</th></tr>						<tr><td class="tthlbl">Выпечка:</td><td>Есть</td></tr>						<tr><td class="tthlbl">Каша:</td><td>Есть</td></tr>						<tr><td class="tthlbl">Крупа:</td><td>Есть</td></tr>						<tr><td class="tthlbl">Мощность:</td><td>670Вт</td></tr>						<tr><td class="tthlbl">Тип:</td><td>мультиварка</td></tr>						<tr><td class="tthlbl">Тушение:</td><td>Есть</td></tr>						<tr><th colspan="2">Управление и программы</th></tr>						<tr><td class="tthlbl">Количество автоматических программ:</td><td>7</td></tr>						<tr><td class="tthlbl">Максимальное время установки таймера:</td><td>11ч</td></tr>						<tr><td class="tthlbl">Особенности:</td><td>максимальный вес выпечки 900 г аксессуары: лопатка, мерная ложка, мерный стакан, держатель для лопатки, шнур питания, поднос для приготовления на парум</td></tr>						<tr><td class="tthlbl">Отложенный старт:</td><td>Есть</td></tr>						<tr><td class="tthlbl">Поддержание тепла:</td><td>Есть</td></tr>					</table>;1679;assets/images/kuhonnaya-technika/multivarki/Multivarka-SUPRA-MCS-4501_STIyNjgzN1R0TDE4MA.jpg;assets/images/kuhonnaya-technika/multivarki/Multivarka-SUPRA-MCS-4501_STIyNjgzN1Rp.jpg;SUPRA;
39;Кастрюля MORPHY RICHARDS 48730;<ul class="tec-char">                        <li class="tec-char"><span>Код марки:</span> <a href="http://www.electrovenik.ru/catalog/small/melkaja_kuhonnaja_tehnika/multivarki?mfr=1448">MORPHY RICHARDS</a> </li>						</ul>;<table class="item-tec-char" id="tthtable">						<tr><th colspan="2"></th></tr>					</table>;1764;assets/images/kuhonnaya-technika/multivarki/Kastryulya-MORPHY-RICHARDS-48730_STU1ODI0VHRMMTgw.jpg;assets/images/kuhonnaya-technika/multivarki/Kastryulya-MORPHY-RICHARDS-48730_STU1ODI0VGk.jpg;MORPHY RICHARDS;
39;Кастрюля MORPHY RICHARDS 48730;<ul class="tec-char">                        <li class="tec-char"><span>Код марки:</span> <a href="http://www.electrovenik.ru/catalog/small/melkaja_kuhonnaja_tehnika/multivarki?mfr=1448">MORPHY RICHARDS</a> </li>						</ul>;<table class="item-tec-char" id="tthtable">						<tr><th colspan="2"></th></tr>					</table>;1764;assets/images/kuhonnaya-technika/multivarki/Kastryulya-MORPHY-RICHARDS-48730_STU1ODI0VHRMMTgw.jpg;assets/images/kuhonnaya-technika/multivarki/Kastryulya-MORPHY-RICHARDS-48730_STU1ODI0VGk.jpg;MORPHY RICHARDS;
39;Мультиварка VES SK-A12;<ul class="tec-char">                        <li class="tec-char"><span>Код марки:</span> <a href="http://www.electrovenik.ru/catalog/small/melkaja_kuhonnaja_tehnika/multivarki?mfr=2295">VES</a> </li>                        <li class="tec-char"><span>Объем:</span> 5 л</li>                        <li class="tec-char"><span>Тип управления:</span> электронное </li>                        <li class="tec-char"><span>Таймер:</span> Есть </li>                        <li class="tec-char"><span>Мощность:</span> 700 Вт</li>                        <li class="tec-char"><span>Тип:</span> мультиварка </li>                        <li class="tec-char"><span>Максимальное время установки таймера:</span> 24 ч</li>                        <li class="tec-char"><span>Отложенный старт:</span> Есть </li>                        <li class="tec-char"><span>Поддержание тепла:</span> Есть </li>						</ul>;<table class="item-tec-char" id="tthtable">						<tr><th colspan="2"></th></tr>						<tr><th colspan="2">Общие характеристики</th></tr>						<tr><td class="tthlbl">Объем:</td><td>5л</td></tr>						<tr><td class="tthlbl">Приготовление на пару:</td><td>Есть</td></tr>						<tr><td class="tthlbl">Тип управления:</td><td>электронное</td></tr>						<tr><th colspan="2">Особенности</th></tr>						<tr><td class="tthlbl">Таймер:</td><td>Есть</td></tr>						<tr><th colspan="2">Технические характеристики</th></tr>						<tr><td class="tthlbl">Выпечка:</td><td>Есть</td></tr>						<tr><td class="tthlbl">Каша:</td><td>Есть</td></tr>						<tr><td class="tthlbl">Крупа:</td><td>Есть</td></tr>						<tr><td class="tthlbl">Мощность:</td><td>700Вт</td></tr>						<tr><td class="tthlbl">Тип:</td><td>мультиварка</td></tr>						<tr><td class="tthlbl">Тушение:</td><td>Есть</td></tr>						<tr><th colspan="2">Управление и программы</th></tr>						<tr><td class="tthlbl">Максимальное время установки таймера:</td><td>24ч</td></tr>						<tr><td class="tthlbl">Особенности:</td><td>5 аксессуаров: стимер, ложка, половник, мерный стаканчик, съемный шнур питания отсрочка времени приготовления на 15 ч. 55 мин. установка времени приготовления до 99 мин подогрев до 24 часов максим</td></tr>						<tr><td class="tthlbl">Отложенный старт:</td><td>Есть</td></tr>						<tr><td class="tthlbl">Поддержание тепла:</td><td>Есть</td></tr>					</table>;2149;assets/images/kuhonnaya-technika/multivarki/Multivarka-VES-SK-A12_STE0OTk0M1R0TDE4MA.jpg;assets/images/kuhonnaya-technika/multivarki/Multivarka-VES-SK-A12_STE0OTk0M1Rp.jpg;VES;
39;Медленноварка KENWOOD CP658;<ul class="tec-char">                        <li class="tec-char"><span>Код марки:</span> <a href="http://www.electrovenik.ru/catalog/small/melkaja_kuhonnaja_tehnika/multivarki?mfr=1161">KENWOOD</a> </li>                        <li class="tec-char"><span>Объем:</span> 6.5 л</li>                        <li class="tec-char"><span>Тип управления:</span> механическое </li>                        <li class="tec-char"><span>Материал корпуса:</span> нерж. сталь </li>                        <li class="tec-char"><span>Таймер:</span> Есть </li>                        <li class="tec-char"><span>Мощность:</span> 2000 Вт</li>                        <li class="tec-char"><span>Тип:</span> медленноварка </li>                        <li class="tec-char"><span>Отложенный старт:</span> Нет </li>                        <li class="tec-char"><span>Поддержание тепла:</span> Есть </li>						</ul>;<table class="item-tec-char" id="tthtable">						<tr><th colspan="2"></th></tr>						<tr><th colspan="2">Габариты и вес</th></tr>						<tr><td class="tthlbl">Вес:</td><td>6.19кг</td></tr>						<tr><th colspan="2">Общие характеристики</th></tr>						<tr><td class="tthlbl">Объем:</td><td>6.5л</td></tr>						<tr><td class="tthlbl">Тип управления:</td><td>механическое</td></tr>						<tr><th colspan="2">Особенности</th></tr>						<tr><td class="tthlbl">Материал корпуса:</td><td>нерж. сталь</td></tr>						<tr><td class="tthlbl">Таймер:</td><td>Есть</td></tr>						<tr><th colspan="2">Программы</th></tr>						<tr><td class="tthlbl">Варенье:</td><td>Есть</td></tr>						<tr><th colspan="2">Технические характеристики</th></tr>						<tr><td class="tthlbl">Мощность:</td><td>2000Вт</td></tr>						<tr><td class="tthlbl">Тип:</td><td>медленноварка</td></tr>						<tr><td class="tthlbl">Тушение:</td><td>Есть</td></tr>						<tr><th colspan="2">Управление и программы</th></tr>						<tr><td class="tthlbl">Отложенный старт:</td><td>Нет</td></tr>						<tr><td class="tthlbl">Поддержание тепла:</td><td>Есть</td></tr>					</table>;2209;assets/images/kuhonnaya-technika/multivarki/Medlennovarka-KENWOOD-CP658_STIzNzUwOFR0TDE4MA.jpg;assets/images/kuhonnaya-technika/multivarki/Medlennovarka-KENWOOD-CP658_STIzNzUwOFRp.jpg;KENWOOD;
39;Мультиварка REDMOND RMC-M4505;<ul class="tec-char">                        <li class="tec-char"><span>Код марки:</span> <a href="http://www.electrovenik.ru/catalog/small/melkaja_kuhonnaja_tehnika/multivarki?mfr=2758">REDMOND</a> </li>                        <li class="tec-char"><span>Объем:</span> 3 л</li>                        <li class="tec-char"><span>Тип управления:</span> электронное </li>                        <li class="tec-char"><span>Материал корпуса:</span> металл/пластик </li>                        <li class="tec-char"><span>Таймер:</span> Есть </li>                        <li class="tec-char"><span>Количество программ выпечки:</span> 10 </li>                        <li class="tec-char"><span>Мощность:</span> 500 Вт</li>                        <li class="tec-char"><span>Тип:</span> мультиварка </li>                        <li class="tec-char"><span>Максимальное время установки таймера:</span> 24 ч</li>                        <li class="tec-char"><span>Отложенный старт:</span> Есть </li>                        <li class="tec-char"><span>Поддержание тепла:</span> Есть </li>						</ul>;<table class="item-tec-char" id="tthtable">						<tr><th colspan="2"></th></tr>						<tr><th colspan="2">Габариты и вес</th></tr>						<tr><td class="tthlbl">Вес:</td><td>1.5кг</td></tr>						<tr><th colspan="2">Общие характеристики</th></tr>						<tr><td class="tthlbl">Объем:</td><td>3л</td></tr>						<tr><td class="tthlbl">Поддержание температуры:</td><td>Есть</td></tr>						<tr><td class="tthlbl">Приготовление на пару:</td><td>Есть</td></tr>						<tr><td class="tthlbl">Тип управления:</td><td>электронное</td></tr>						<tr><th colspan="2">Особенности</th></tr>						<tr><td class="tthlbl">Материал корпуса:</td><td>металл/пластик</td></tr>						<tr><td class="tthlbl">Таймер:</td><td>Есть</td></tr>						<tr><th colspan="2">Программы</th></tr>						<tr><td class="tthlbl">Количество программ выпечки:</td><td>10</td></tr>						<tr><th colspan="2">Технические характеристики</th></tr>						<tr><td class="tthlbl">Выпечка:</td><td>Есть</td></tr>						<tr><td class="tthlbl">Каша:</td><td>Есть</td></tr>						<tr><td class="tthlbl">Крупа:</td><td>Есть</td></tr>						<tr><td class="tthlbl">Мощность:</td><td>500Вт</td></tr>						<tr><td class="tthlbl">Тип:</td><td>мультиварка</td></tr>						<tr><td class="tthlbl">Тушение:</td><td>Есть</td></tr>						<tr><th colspan="2">Управление и программы</th></tr>						<tr><td class="tthlbl">Количество автоматических программ:</td><td>10</td></tr>						<tr><td class="tthlbl">Максимальное время установки таймера:</td><td>24ч</td></tr>						<tr><td class="tthlbl">Отложенный старт:</td><td>Есть</td></tr>						<tr><td class="tthlbl">Поддержание тепла:</td><td>Есть</td></tr>					</table>;2390;assets/images/kuhonnaya-technika/multivarki/Multivarka-REDMOND-RMC-M4505_STI1MDg1MlR0TDE4MA.jpg;assets/images/kuhonnaya-technika/multivarki/Multivarka-REDMOND-RMC-M4505_STI1MDg1MlRp.jpg;REDMOND;
39;Мультиварка VES SK-A14;<ul class="tec-char">                        <li class="tec-char"><span>Код марки:</span> <a href="http://www.electrovenik.ru/catalog/small/melkaja_kuhonnaja_tehnika/multivarki?mfr=2295">VES</a> </li>                        <li class="tec-char"><span>Высота:</span> 30 см</li>                        <li class="tec-char"><span>Глубина:</span> 30 см</li>                        <li class="tec-char"><span>Ширина:</span> 28 см</li>                        <li class="tec-char"><span>Объем:</span> 6 л</li>                        <li class="tec-char"><span>Тип управления:</span> электронное </li>                        <li class="tec-char"><span>Таймер:</span> Есть </li>                        <li class="tec-char"><span>Мощность:</span> 900 Вт</li>                        <li class="tec-char"><span>Тип:</span> мультиварка </li>                        <li class="tec-char"><span>Максимальное время установки таймера:</span> 24 ч</li>                        <li class="tec-char"><span>Отложенный старт:</span> Есть </li>                        <li class="tec-char"><span>Поддержание тепла:</span> Есть </li>						</ul>;<table class="item-tec-char" id="tthtable">						<tr><th colspan="2"></th></tr>						<tr><th colspan="2">Габариты</th></tr>						<tr><td class="tthlbl">Высота:</td><td>30см</td></tr>						<tr><td class="tthlbl">Глубина:</td><td>30см</td></tr>						<tr><td class="tthlbl">Ширина:</td><td>28см</td></tr>						<tr><th colspan="2">Габариты и вес</th></tr>						<tr><td class="tthlbl">Вес:</td><td>4кг</td></tr>						<tr><th colspan="2">Общие характеристики</th></tr>						<tr><td class="tthlbl">Объем:</td><td>6л</td></tr>						<tr><td class="tthlbl">Приготовление на пару:</td><td>Есть</td></tr>						<tr><td class="tthlbl">Тип управления:</td><td>электронное</td></tr>						<tr><th colspan="2">Особенности</th></tr>						<tr><td class="tthlbl">Таймер:</td><td>Есть</td></tr>						<tr><th colspan="2">Технические характеристики</th></tr>						<tr><td class="tthlbl">Выпечка:</td><td>Есть</td></tr>						<tr><td class="tthlbl">Каша:</td><td>Есть</td></tr>						<tr><td class="tthlbl">Крупа:</td><td>Есть</td></tr>						<tr><td class="tthlbl">Мощность:</td><td>900Вт</td></tr>						<tr><td class="tthlbl">Тип:</td><td>мультиварка</td></tr>						<tr><td class="tthlbl">Тушение:</td><td>Есть</td></tr>						<tr><th colspan="2">Управление и программы</th></tr>						<tr><td class="tthlbl">Количество автоматических программ:</td><td>4</td></tr>						<tr><td class="tthlbl">Максимальное время установки таймера:</td><td>24ч</td></tr>						<tr><td class="tthlbl">Особенности:</td><td>5 аксессуаров: стимер, ложка, половник, мерный стаканчик, съемный шнур питания отсрочка времени приготовления на 15 ч. 55 мин. установка времени приготовления до 99 мин подогрев до 24 часов максим</td></tr>						<tr><td class="tthlbl">Отложенный старт:</td><td>Есть</td></tr>						<tr><td class="tthlbl">Поддержание тепла:</td><td>Есть</td></tr>					</table>;2449;assets/images/kuhonnaya-technika/multivarki/Multivarka-VES-SK-A14_STE0OTkyMFR0TDE4MA.jpg;assets/images/kuhonnaya-technika/multivarki/Multivarka-VES-SK-A14_STE0OTkyMFRp.jpg;VES;
39;Мультиварка SUPRA MCS-4511;<ul class="tec-char">                        <li class="tec-char"><span>Код марки:</span> <a href="http://www.electrovenik.ru/catalog/small/melkaja_kuhonnaja_tehnika/multivarki?mfr=2092">SUPRA</a> </li>                        <li class="tec-char"><span>Высота:</span> 24.5 см</li>                        <li class="tec-char"><span>Глубина:</span> 26.5 см</li>                        <li class="tec-char"><span>Ширина:</span> 37 см</li>                        <li class="tec-char"><span>Максимальный вес выпечки:</span> 900 г</li>                        <li class="tec-char"><span>Объем:</span> 5 л</li>                        <li class="tec-char"><span>Тип управления:</span> электронное </li>                        <li class="tec-char"><span>Таймер:</span> Есть </li>                        <li class="tec-char"><span>Мощность:</span> 670 Вт</li>                        <li class="tec-char"><span>Тип:</span> мультиварка </li>                        <li class="tec-char"><span>Максимальное время установки таймера:</span> 12 ч</li>                        <li class="tec-char"><span>Отложенный старт:</span> Есть </li>                        <li class="tec-char"><span>Поддержание тепла:</span> Есть </li>						</ul>;<table class="item-tec-char" id="tthtable">						<tr><th colspan="2"></th></tr>						<tr><th colspan="2">Габариты</th></tr>						<tr><td class="tthlbl">Высота:</td><td>24.5см</td></tr>						<tr><td class="tthlbl">Глубина:</td><td>26.5см</td></tr>						<tr><td class="tthlbl">Ширина:</td><td>37см</td></tr>						<tr><th colspan="2">Габариты и вес</th></tr>						<tr><td class="tthlbl">Вес:</td><td>3.9кг</td></tr>						<tr><th colspan="2">Общие характеристики</th></tr>						<tr><td class="tthlbl">Максимальный вес выпечки:</td><td>900г</td></tr>						<tr><td class="tthlbl">Объем:</td><td>5л</td></tr>						<tr><td class="tthlbl">Приготовление на пару:</td><td>Есть</td></tr>						<tr><td class="tthlbl">Тип управления:</td><td>электронное</td></tr>						<tr><th colspan="2">Особенности</th></tr>						<tr><td class="tthlbl">Таймер:</td><td>Есть</td></tr>						<tr><th colspan="2">Технические характеристики</th></tr>						<tr><td class="tthlbl">Выпечка:</td><td>Есть</td></tr>						<tr><td class="tthlbl">Мощность:</td><td>670Вт</td></tr>						<tr><td class="tthlbl">Тип:</td><td>мультиварка</td></tr>						<tr><td class="tthlbl">Тушение:</td><td>Есть</td></tr>						<tr><th colspan="2">Управление и программы</th></tr>						<tr><td class="tthlbl">Количество автоматических программ:</td><td>8</td></tr>						<tr><td class="tthlbl">Максимальное время установки таймера:</td><td>12ч</td></tr>						<tr><td class="tthlbl">Особенности:</td><td>аксессуары: держатель для лопатки, мерная ложка, мерный стакан, лопатка, шнур питаниям</td></tr>						<tr><td class="tthlbl">Отложенный старт:</td><td>Есть</td></tr>						<tr><td class="tthlbl">Поддержание тепла:</td><td>Есть</td></tr>					</table>;2674;assets/images/kuhonnaya-technika/multivarki/Multivarka-SUPRA-MCS-4511_STIyNjgzOFR0TDE4MA.jpg;assets/images/kuhonnaya-technika/multivarki/Multivarka-SUPRA-MCS-4511_STIyNjgzOFRp.jpg;SUPRA;
39;Мультиварка MOULINEX MK 7001;<ul class="tec-char">                        <li class="tec-char"><span>Код марки:</span> <a href="http://www.electrovenik.ru/catalog/small/melkaja_kuhonnaja_tehnika/multivarki?mfr=1454">MOULINEX</a> </li>                        <li class="tec-char"><span>Объем:</span> 2.75 л</li>                        <li class="tec-char"><span>Тип управления:</span> электронное </li>                        <li class="tec-char"><span>Таймер:</span> Есть </li>                        <li class="tec-char"><span>Мощность:</span> 450 Вт</li>                        <li class="tec-char"><span>Тип:</span> мультиварка </li>                        <li class="tec-char"><span>Отложенный старт:</span> Есть </li>                        <li class="tec-char"><span>Поддержание тепла:</span> Есть </li>						</ul>;<table class="item-tec-char" id="tthtable">						<tr><th colspan="2"></th></tr>						<tr><th colspan="2">Общие характеристики</th></tr>						<tr><td class="tthlbl">Объем:</td><td>2.75л</td></tr>						<tr><td class="tthlbl">Приготовление на пару:</td><td>Есть</td></tr>						<tr><td class="tthlbl">Тип управления:</td><td>электронное</td></tr>						<tr><th colspan="2">Особенности</th></tr>						<tr><td class="tthlbl">Таймер:</td><td>Есть</td></tr>						<tr><th colspan="2">Технические характеристики</th></tr>						<tr><td class="tthlbl">Мощность:</td><td>450Вт</td></tr>						<tr><td class="tthlbl">Тип:</td><td>мультиварка</td></tr>						<tr><td class="tthlbl">Тушение:</td><td>Есть</td></tr>						<tr><th colspan="2">Управление и программы</th></tr>						<tr><td class="tthlbl">Особенности:</td><td>режимы: варка, тушение, пар, запекание корзина для приготовления на пару, ложка, мерная чашкам</td></tr>						<tr><td class="tthlbl">Отложенный старт:</td><td>Есть</td></tr>						<tr><td class="tthlbl">Поддержание тепла:</td><td>Есть</td></tr>					</table>;2691;assets/images/kuhonnaya-technika/multivarki/Multivarka-MOULINEX-MK-7001_STE1MDQ0MVR0TDE4MA.jpg;assets/images/kuhonnaya-technika/multivarki/Multivarka-MOULINEX-MK-7001_STE1MDQ0MVRp.jpg;MOULINEX;
39;Мультиварка REDMOND RMC-4503 серая;<ul class="tec-char">                        <li class="tec-char"><span>Код марки:</span> <a href="http://www.electrovenik.ru/catalog/small/melkaja_kuhonnaja_tehnika/multivarki?mfr=2758">REDMOND</a> </li>                        <li class="tec-char"><span>Объем:</span> 5 л</li>                        <li class="tec-char"><span>Тип управления:</span> электронное </li>                        <li class="tec-char"><span>Таймер:</span> Есть </li>                        <li class="tec-char"><span>Мощность:</span> 800 Вт</li>                        <li class="tec-char"><span>Тип:</span> мультиварка </li>                        <li class="tec-char"><span>Отложенный старт:</span> Есть </li>                        <li class="tec-char"><span>Поддержание тепла:</span> Есть </li>						</ul>;<table class="item-tec-char" id="tthtable">						<tr><th colspan="2"></th></tr>						<tr><th colspan="2">Общие характеристики</th></tr>						<tr><td class="tthlbl">Объем:</td><td>5л</td></tr>						<tr><td class="tthlbl">Приготовление на пару:</td><td>Есть</td></tr>						<tr><td class="tthlbl">Тип управления:</td><td>электронное</td></tr>						<tr><th colspan="2">Особенности</th></tr>						<tr><td class="tthlbl">Таймер:</td><td>Есть</td></tr>						<tr><th colspan="2">Технические характеристики</th></tr>						<tr><td class="tthlbl">Выпечка:</td><td>Есть</td></tr>						<tr><td class="tthlbl">Каша:</td><td>Есть</td></tr>						<tr><td class="tthlbl">Мощность:</td><td>800Вт</td></tr>						<tr><td class="tthlbl">Тип:</td><td>мультиварка</td></tr>						<tr><td class="tthlbl">Тушение:</td><td>Есть</td></tr>						<tr><th colspan="2">Управление и программы</th></tr>						<tr><td class="tthlbl">Количество автоматических программ:</td><td>10</td></tr>						<tr><td class="tthlbl">Отложенный старт:</td><td>Есть</td></tr>						<tr><td class="tthlbl">Поддержание тепла:</td><td>Есть</td></tr>					</table>;2990;assets/images/kuhonnaya-technika/multivarki/Multivarka-REDMOND-RMC-4503-seraya_STIzMDk1NVR0TDE4MA.jpg;assets/images/kuhonnaya-technika/multivarki/Multivarka-REDMOND-RMC-4503-seraya_STIzMDk1NVRp.jpg;REDMOND;
39;Мультиварка PANASONIC SR-TMH10 ATW;<ul class="tec-char">                        <li class="tec-char"><span>Код марки:</span> <a href="http://www.electrovenik.ru/catalog/small/melkaja_kuhonnaja_tehnika/multivarki?mfr=1617">PANASONIC</a> </li>                        <li class="tec-char"><span>Высота:</span> 25.5 см</li>                        <li class="tec-char"><span>Глубина:</span> 24.5 см</li>                        <li class="tec-char"><span>Ширина:</span> 24.8 см</li>                        <li class="tec-char"><span>Объем:</span> 2.5 л</li>                        <li class="tec-char"><span>Тип управления:</span> электронное </li>                        <li class="tec-char"><span>Мощность:</span> 450 Вт</li>                        <li class="tec-char"><span>Тип:</span> мультиварка </li>                        <li class="tec-char"><span>Максимальное время установки таймера:</span> 13 ч</li>                        <li class="tec-char"><span>Отложенный старт:</span> Есть </li>                        <li class="tec-char"><span>Поддержание тепла:</span> Есть </li>						</ul>;<table class="item-tec-char" id="tthtable">						<tr><th colspan="2"></th></tr>						<tr><th colspan="2">Габариты</th></tr>						<tr><td class="tthlbl">Высота:</td><td>25.5см</td></tr>						<tr><td class="tthlbl">Глубина:</td><td>24.5см</td></tr>						<tr><td class="tthlbl">Ширина:</td><td>24.8см</td></tr>						<tr><th colspan="2">Габариты и вес</th></tr>						<tr><td class="tthlbl">Вес:</td><td>2.4кг</td></tr>						<tr><th colspan="2">Общие характеристики</th></tr>						<tr><td class="tthlbl">Объем:</td><td>2.5л</td></tr>						<tr><td class="tthlbl">Приготовление на пару:</td><td>Есть</td></tr>						<tr><td class="tthlbl">Тип управления:</td><td>электронное</td></tr>						<tr><th colspan="2">Технические характеристики</th></tr>						<tr><td class="tthlbl">Выпечка:</td><td>Есть</td></tr>						<tr><td class="tthlbl">Каша:</td><td>Есть</td></tr>						<tr><td class="tthlbl">Крупа:</td><td>Есть</td></tr>						<tr><td class="tthlbl">Мощность:</td><td>450Вт</td></tr>						<tr><td class="tthlbl">Тип:</td><td>мультиварка</td></tr>						<tr><td class="tthlbl">Тушение:</td><td>Есть</td></tr>						<tr><th colspan="2">Управление и программы</th></tr>						<tr><td class="tthlbl">Количество автоматических программ:</td><td>3</td></tr>						<tr><td class="tthlbl">Максимальное время установки таймера:</td><td>13ч</td></tr>						<tr><td class="tthlbl">Особенности:</td><td>6 программ контейнер-пароварка книга с рецептамим</td></tr>						<tr><td class="tthlbl">Отложенный старт:</td><td>Есть</td></tr>						<tr><td class="tthlbl">Поддержание тепла:</td><td>Есть</td></tr>					</table>;3680;assets/images/kuhonnaya-technika/multivarki/Multivarka-PANASONIC-SR-TMH10-ATW_STQyNTA3VHRMMTgw.jpg;assets/images/kuhonnaya-technika/multivarki/Multivarka-PANASONIC-SR-TMH10-ATW_STQyNTA3VGk.jpg;PANASONIC;
39;Мультиварка MOULINEX MK 7003;<ul class="tec-char">                        <li class="tec-char"><span>Код марки:</span> <a href="http://www.electrovenik.ru/catalog/small/melkaja_kuhonnaja_tehnika/multivarki?mfr=1454">MOULINEX</a> </li>                        <li class="tec-char"><span>Объем:</span> 4.5 л</li>                        <li class="tec-char"><span>Тип управления:</span> электронное </li>                        <li class="tec-char"><span>Материал корпуса:</span> нерж. сталь </li>                        <li class="tec-char"><span>Таймер:</span> Есть </li>                        <li class="tec-char"><span>Мощность:</span> 630 Вт</li>                        <li class="tec-char"><span>Тип:</span> мультиварка </li>                        <li class="tec-char"><span>Отложенный старт:</span> Есть </li>                        <li class="tec-char"><span>Поддержание тепла:</span> Есть </li>						</ul>;<table class="item-tec-char" id="tthtable">						<tr><th colspan="2"></th></tr>						<tr><th colspan="2">Общие характеристики</th></tr>						<tr><td class="tthlbl">Объем:</td><td>4.5л</td></tr>						<tr><td class="tthlbl">Тип управления:</td><td>электронное</td></tr>						<tr><th colspan="2">Особенности</th></tr>						<tr><td class="tthlbl">Материал корпуса:</td><td>нерж. сталь</td></tr>						<tr><td class="tthlbl">Таймер:</td><td>Есть</td></tr>						<tr><th colspan="2">Технические характеристики</th></tr>						<tr><td class="tthlbl">Мощность:</td><td>630Вт</td></tr>						<tr><td class="tthlbl">Тип:</td><td>мультиварка</td></tr>						<tr><td class="tthlbl">Тушение:</td><td>Есть</td></tr>						<tr><th colspan="2">Управление и программы</th></tr>						<tr><td class="tthlbl">Количество автоматических программ:</td><td>4</td></tr>						<tr><td class="tthlbl">Особенности:</td><td>режимы: варка, тушение, пар, запекание корзина для приготовления на пару, ложка, мерная чашкам</td></tr>						<tr><td class="tthlbl">Отложенный старт:</td><td>Есть</td></tr>						<tr><td class="tthlbl">Поддержание тепла:</td><td>Есть</td></tr>					</table>;3690;assets/images/kuhonnaya-technika/multivarki/Multivarka-MOULINEX-MK-7003_STIyOTY2NVR0TDE4MA.jpg;assets/images/kuhonnaya-technika/multivarki/Multivarka-MOULINEX-MK-7003_STIyOTY2NVRp.jpg;MOULINEX;
39;Мультиварка MOULINEX MK 7003;<ul class="tec-char">                        <li class="tec-char"><span>Код марки:</span> <a href="http://www.electrovenik.ru/catalog/small/melkaja_kuhonnaja_tehnika/multivarki?mfr=1454">MOULINEX</a> </li>                        <li class="tec-char"><span>Объем:</span> 4.5 л</li>                        <li class="tec-char"><span>Тип управления:</span> электронное </li>                        <li class="tec-char"><span>Материал корпуса:</span> нерж. сталь </li>                        <li class="tec-char"><span>Таймер:</span> Есть </li>                        <li class="tec-char"><span>Мощность:</span> 630 Вт</li>                        <li class="tec-char"><span>Тип:</span> мультиварка </li>                        <li class="tec-char"><span>Отложенный старт:</span> Есть </li>                        <li class="tec-char"><span>Поддержание тепла:</span> Есть </li>						</ul>;<table class="item-tec-char" id="tthtable">						<tr><th colspan="2"></th></tr>						<tr><th colspan="2">Общие характеристики</th></tr>						<tr><td class="tthlbl">Объем:</td><td>4.5л</td></tr>						<tr><td class="tthlbl">Тип управления:</td><td>электронное</td></tr>						<tr><th colspan="2">Особенности</th></tr>						<tr><td class="tthlbl">Материал корпуса:</td><td>нерж. сталь</td></tr>						<tr><td class="tthlbl">Таймер:</td><td>Есть</td></tr>						<tr><th colspan="2">Технические характеристики</th></tr>						<tr><td class="tthlbl">Мощность:</td><td>630Вт</td></tr>						<tr><td class="tthlbl">Тип:</td><td>мультиварка</td></tr>						<tr><td class="tthlbl">Тушение:</td><td>Есть</td></tr>						<tr><th colspan="2">Управление и программы</th></tr>						<tr><td class="tthlbl">Количество автоматических программ:</td><td>4</td></tr>						<tr><td class="tthlbl">Особенности:</td><td>режимы: варка, тушение, пар, запекание корзина для приготовления на пару, ложка, мерная чашкам</td></tr>						<tr><td class="tthlbl">Отложенный старт:</td><td>Есть</td></tr>						<tr><td class="tthlbl">Поддержание тепла:</td><td>Есть</td></tr>					</table>;3690;assets/images/kuhonnaya-technika/multivarki/Multivarka-MOULINEX-MK-7003_STIyOTY2NVR0TDE4MA.jpg;assets/images/kuhonnaya-technika/multivarki/Multivarka-MOULINEX-MK-7003_STIyOTY2NVRp.jpg;MOULINEX;
39;Мультиварка REDMOND RMC-M4501;<ul class="tec-char">                        <li class="tec-char"><span>Код марки:</span> <a href="http://www.electrovenik.ru/catalog/small/melkaja_kuhonnaja_tehnika/multivarki?mfr=2758">REDMOND</a> </li>                        <li class="tec-char"><span>Объем:</span> 5 л</li>                        <li class="tec-char"><span>Тип управления:</span> электронное </li>                        <li class="tec-char"><span>Материал корпуса:</span> металл/пластик </li>                        <li class="tec-char"><span>Таймер:</span> Есть </li>                        <li class="tec-char"><span>Мощность:</span> 860 Вт</li>                        <li class="tec-char"><span>Тип:</span> мультиварка </li>                        <li class="tec-char"><span>Максимальное время установки таймера:</span> 24 ч</li>                        <li class="tec-char"><span>Отложенный старт:</span> Есть </li>                        <li class="tec-char"><span>Поддержание тепла:</span> Есть </li>						</ul>;<table class="item-tec-char" id="tthtable">						<tr><th colspan="2"></th></tr>						<tr><th colspan="2">Дополнительная информация</th></tr>						<tr><td class="tthlbl">Подсветка дисплея:</td><td>Есть</td></tr>						<tr><th colspan="2">Общие характеристики</th></tr>						<tr><td class="tthlbl">Объем:</td><td>5л</td></tr>						<tr><td class="tthlbl">Поддержание температуры:</td><td>Есть</td></tr>						<tr><td class="tthlbl">Приготовление на пару:</td><td>Есть</td></tr>						<tr><td class="tthlbl">Тип управления:</td><td>электронное</td></tr>						<tr><th colspan="2">Особенности</th></tr>						<tr><td class="tthlbl">Материал корпуса:</td><td>металл/пластик</td></tr>						<tr><td class="tthlbl">Таймер:</td><td>Есть</td></tr>						<tr><th colspan="2">Технические характеристики</th></tr>						<tr><td class="tthlbl">Выпечка:</td><td>Есть</td></tr>						<tr><td class="tthlbl">Каша:</td><td>Есть</td></tr>						<tr><td class="tthlbl">Крупа:</td><td>Есть</td></tr>						<tr><td class="tthlbl">Мощность:</td><td>860Вт</td></tr>						<tr><td class="tthlbl">Тип:</td><td>мультиварка</td></tr>						<tr><td class="tthlbl">Тушение:</td><td>Есть</td></tr>						<tr><th colspan="2">Управление и программы</th></tr>						<tr><td class="tthlbl">Количество автоматических программ:</td><td>10</td></tr>						<tr><td class="tthlbl">Максимальное время установки таймера:</td><td>24ч</td></tr>						<tr><td class="tthlbl">Отложенный старт:</td><td>Есть</td></tr>						<tr><td class="tthlbl">Поддержание тепла:</td><td>Есть</td></tr>					</table>;3990;assets/images/kuhonnaya-technika/multivarki/Multivarka-REDMOND-RMC-M4501_STI1MTU3N1R0TDE4MA.jpg;assets/images/kuhonnaya-technika/multivarki/Multivarka-REDMOND-RMC-M4501_STI1MTU3N1Rp.jpg;REDMOND;
39;Мультиварка LANDLIFE YBD 40-80A1 W;<ul class="tec-char">                        <li class="tec-char"><span>Код марки:</span> <a href="http://www.electrovenik.ru/catalog/small/melkaja_kuhonnaja_tehnika/multivarki?mfr=2725">LANDLIFE</a> </li>                        <li class="tec-char"><span>Объем:</span> 4 л</li>                        <li class="tec-char"><span>Тип управления:</span> электронное </li>                        <li class="tec-char"><span>Таймер:</span> Есть </li>                        <li class="tec-char"><span>Мощность:</span> 800 Вт</li>                        <li class="tec-char"><span>Тип:</span> мультиварка </li>                        <li class="tec-char"><span>Максимальное время установки таймера:</span> 9 ч</li>                        <li class="tec-char"><span>Отложенный старт:</span> Есть </li>                        <li class="tec-char"><span>Поддержание тепла:</span> Нет </li>						</ul>;<table class="item-tec-char" id="tthtable">						<tr><th colspan="2"></th></tr>						<tr><th colspan="2">Общие характеристики</th></tr>						<tr><td class="tthlbl">Объем:</td><td>4л</td></tr>						<tr><td class="tthlbl">Поддержание температуры:</td><td>Нет</td></tr>						<tr><td class="tthlbl">Приготовление на пару:</td><td>Есть</td></tr>						<tr><td class="tthlbl">Тип управления:</td><td>электронное</td></tr>						<tr><th colspan="2">Особенности</th></tr>						<tr><td class="tthlbl">Таймер:</td><td>Есть</td></tr>						<tr><th colspan="2">Технические характеристики</th></tr>						<tr><td class="tthlbl">Выпечка:</td><td>Есть</td></tr>						<tr><td class="tthlbl">Мощность:</td><td>800Вт</td></tr>						<tr><td class="tthlbl">Тип:</td><td>мультиварка</td></tr>						<tr><td class="tthlbl">Тушение:</td><td>Есть</td></tr>						<tr><th colspan="2">Управление и программы</th></tr>						<tr><td class="tthlbl">Максимальное время установки таймера:</td><td>9ч</td></tr>						<tr><td class="tthlbl">Отложенный старт:</td><td>Есть</td></tr>						<tr><td class="tthlbl">Поддержание тепла:</td><td>Нет</td></tr>					</table>;4150;assets/images/kuhonnaya-technika/multivarki/Multivarka-LANDLIFE-YBD-40-80A1-W_STQxNjU5VHRMMTgw.jpg;assets/images/kuhonnaya-technika/multivarki/Multivarka-LANDLIFE-YBD-40-80A1-W_STQxNjU5VGk.jpg;LANDLIFE;
39;Мультиварка LANDLIFE YBD 40-80A1 X;<ul class="tec-char">                        <li class="tec-char"><span>Код марки:</span> <a href="http://www.electrovenik.ru/catalog/small/melkaja_kuhonnaja_tehnika/multivarki?mfr=2725">LANDLIFE</a> </li>                        <li class="tec-char"><span>Объем:</span> 4 л</li>                        <li class="tec-char"><span>Тип управления:</span> электронное </li>                        <li class="tec-char"><span>Таймер:</span> Есть </li>                        <li class="tec-char"><span>Мощность:</span> 800 Вт</li>                        <li class="tec-char"><span>Тип:</span> скороварка </li>                        <li class="tec-char"><span>Максимальное время установки таймера:</span> 9 ч</li>                        <li class="tec-char"><span>Отложенный старт:</span> Есть </li>                        <li class="tec-char"><span>Поддержание тепла:</span> Есть </li>						</ul>;<table class="item-tec-char" id="tthtable">						<tr><th colspan="2"></th></tr>						<tr><th colspan="2">Общие характеристики</th></tr>						<tr><td class="tthlbl">Объем:</td><td>4л</td></tr>						<tr><td class="tthlbl">Приготовление на пару:</td><td>Есть</td></tr>						<tr><td class="tthlbl">Тип управления:</td><td>электронное</td></tr>						<tr><th colspan="2">Особенности</th></tr>						<tr><td class="tthlbl">Таймер:</td><td>Есть</td></tr>						<tr><th colspan="2">Технические характеристики</th></tr>						<tr><td class="tthlbl">Выпечка:</td><td>Есть</td></tr>						<tr><td class="tthlbl">Каша:</td><td>Есть</td></tr>						<tr><td class="tthlbl">Мощность:</td><td>800Вт</td></tr>						<tr><td class="tthlbl">Тип:</td><td>скороварка</td></tr>						<tr><td class="tthlbl">Тушение:</td><td>Есть</td></tr>						<tr><th colspan="2">Управление и программы</th></tr>						<tr><td class="tthlbl">Максимальное время установки таймера:</td><td>9ч</td></tr>						<tr><td class="tthlbl">Отложенный старт:</td><td>Есть</td></tr>						<tr><td class="tthlbl">Поддержание тепла:</td><td>Есть</td></tr>					</table>;4150;assets/images/kuhonnaya-technika/multivarki/Multivarka-LANDLIFE-YBD-40-80A1-X_STQxODA4VHRMMTgw.jpg;assets/images/kuhonnaya-technika/multivarki/Multivarka-LANDLIFE-YBD-40-80A1-X_STQxODA4VGk.jpg;LANDLIFE;
39;Мультиварка LANDLIFE YBD 50-90C1 W;<ul class="tec-char">                        <li class="tec-char"><span>Код марки:</span> <a href="http://www.electrovenik.ru/catalog/small/melkaja_kuhonnaja_tehnika/multivarki?mfr=2725">LANDLIFE</a> </li>                        <li class="tec-char"><span>Объем:</span> 5 л</li>                        <li class="tec-char"><span>Тип управления:</span> механическое </li>                        <li class="tec-char"><span>Таймер:</span> Есть </li>                        <li class="tec-char"><span>Мощность:</span> 800 Вт</li>                        <li class="tec-char"><span>Тип:</span> скороварка </li>                        <li class="tec-char"><span>Отложенный старт:</span> Есть </li>                        <li class="tec-char"><span>Поддержание тепла:</span> Есть </li>						</ul>;<table class="item-tec-char" id="tthtable">						<tr><th colspan="2"></th></tr>						<tr><th colspan="2">Общие характеристики</th></tr>						<tr><td class="tthlbl">Объем:</td><td>5л</td></tr>						<tr><td class="tthlbl">Тип управления:</td><td>механическое</td></tr>						<tr><th colspan="2">Особенности</th></tr>						<tr><td class="tthlbl">Таймер:</td><td>Есть</td></tr>						<tr><th colspan="2">Технические характеристики</th></tr>						<tr><td class="tthlbl">Каша:</td><td>Есть</td></tr>						<tr><td class="tthlbl">Крупа:</td><td>Есть</td></tr>						<tr><td class="tthlbl">Мощность:</td><td>800Вт</td></tr>						<tr><td class="tthlbl">Тип:</td><td>скороварка</td></tr>						<tr><td class="tthlbl">Тушение:</td><td>Есть</td></tr>						<tr><th colspan="2">Управление и программы</th></tr>						<tr><td class="tthlbl">Отложенный старт:</td><td>Есть</td></tr>						<tr><td class="tthlbl">Поддержание тепла:</td><td>Есть</td></tr>					</table>;4250;assets/images/kuhonnaya-technika/multivarki/Multivarka-LANDLIFE-YBD-50-90C1-W_STQ1MzE1VHRMMTgw.jpg;assets/images/kuhonnaya-technika/multivarki/Multivarka-LANDLIFE-YBD-50-90C1-W_STQ1MzE1VGk.jpg;LANDLIFE;
39;Мультиварка LANDLIFE YBD 50-90C1 X;<ul class="tec-char">                        <li class="tec-char"><span>Код марки:</span> <a href="http://www.electrovenik.ru/catalog/small/melkaja_kuhonnaja_tehnika/multivarki?mfr=2725">LANDLIFE</a> </li>                        <li class="tec-char"><span>Объем:</span> 5 л</li>                        <li class="tec-char"><span>Тип управления:</span> механическое </li>                        <li class="tec-char"><span>Таймер:</span> Есть </li>                        <li class="tec-char"><span>Мощность:</span> 800 Вт</li>                        <li class="tec-char"><span>Тип:</span> мультиварка </li>                        <li class="tec-char"><span>Отложенный старт:</span> Есть </li>                        <li class="tec-char"><span>Поддержание тепла:</span> Есть </li>						</ul>;<table class="item-tec-char" id="tthtable">						<tr><th colspan="2"></th></tr>						<tr><th colspan="2">Общие характеристики</th></tr>						<tr><td class="tthlbl">Объем:</td><td>5л</td></tr>						<tr><td class="tthlbl">Тип управления:</td><td>механическое</td></tr>						<tr><th colspan="2">Особенности</th></tr>						<tr><td class="tthlbl">Таймер:</td><td>Есть</td></tr>						<tr><th colspan="2">Технические характеристики</th></tr>						<tr><td class="tthlbl">Мощность:</td><td>800Вт</td></tr>						<tr><td class="tthlbl">Тип:</td><td>мультиварка</td></tr>						<tr><th colspan="2">Управление и программы</th></tr>						<tr><td class="tthlbl">Отложенный старт:</td><td>Есть</td></tr>						<tr><td class="tthlbl">Поддержание тепла:</td><td>Есть</td></tr>					</table>;4380;assets/images/kuhonnaya-technika/multivarki/Multivarka-LANDLIFE-YBD-50-90C1-X_STQ1MzE2VHRMMTgw.jpg;assets/images/kuhonnaya-technika/multivarki/Multivarka-LANDLIFE-YBD-50-90C1-X_STQ1MzE2VGk.jpg;LANDLIFE;
39;Мультиварка REDMOND RMC-M4504;<ul class="tec-char">                        <li class="tec-char"><span>Код марки:</span> <a href="http://www.electrovenik.ru/catalog/small/melkaja_kuhonnaja_tehnika/multivarki?mfr=2758">REDMOND</a> </li>                        <li class="tec-char"><span>Объем:</span> 5 л</li>                        <li class="tec-char"><span>Тип управления:</span> электронное </li>                        <li class="tec-char"><span>Таймер:</span> Есть </li>                        <li class="tec-char"><span>Мощность:</span> 900 Вт</li>                        <li class="tec-char"><span>Тип:</span> мультиварка </li>                        <li class="tec-char"><span>Максимальное время установки таймера:</span> 9 ч</li>                        <li class="tec-char"><span>Отложенный старт:</span> Есть </li>                        <li class="tec-char"><span>Поддержание тепла:</span> Есть </li>						</ul>;<table class="item-tec-char" id="tthtable">						<tr><th colspan="2"></th></tr>						<tr><th colspan="2">Общие характеристики</th></tr>						<tr><td class="tthlbl">Объем:</td><td>5л</td></tr>						<tr><td class="tthlbl">Приготовление на пару:</td><td>Есть</td></tr>						<tr><td class="tthlbl">Тип управления:</td><td>электронное</td></tr>						<tr><th colspan="2">Особенности</th></tr>						<tr><td class="tthlbl">Таймер:</td><td>Есть</td></tr>						<tr><th colspan="2">Технические характеристики</th></tr>						<tr><td class="tthlbl">Мощность:</td><td>900Вт</td></tr>						<tr><td class="tthlbl">Тип:</td><td>мультиварка</td></tr>						<tr><td class="tthlbl">Тушение:</td><td>Есть</td></tr>						<tr><th colspan="2">Управление и программы</th></tr>						<tr><td class="tthlbl">Количество автоматических программ:</td><td>5</td></tr>						<tr><td class="tthlbl">Максимальное время установки таймера:</td><td>9ч</td></tr>						<tr><td class="tthlbl">Особенности:</td><td>антипригарное покрытие чаши съемная чаша съемный паровой клапанм</td></tr>						<tr><td class="tthlbl">Отложенный старт:</td><td>Есть</td></tr>						<tr><td class="tthlbl">Поддержание тепла:</td><td>Есть</td></tr>					</table>;4490;assets/images/kuhonnaya-technika/multivarki/Multivarka-REDMOND-RMC-M4504_STIzMzkwNlR0TDE4MA.jpg;assets/images/kuhonnaya-technika/multivarki/Multivarka-REDMOND-RMC-M4504_STIzMzkwNlRp.jpg;REDMOND;
39;Мультиварка REDMOND RMC-M4502 черная;<ul class="tec-char">                        <li class="tec-char"><span>Код марки:</span> <a href="http://www.electrovenik.ru/catalog/small/melkaja_kuhonnaja_tehnika/multivarki?mfr=2758">REDMOND</a> </li>                        <li class="tec-char"><span>Высота:</span> 25 см</li>                        <li class="tec-char"><span>Глубина:</span> 20 см</li>                        <li class="tec-char"><span>Ширина:</span> 39 см</li>                        <li class="tec-char"><span>Объем:</span> 5 л</li>                        <li class="tec-char"><span>Тип управления:</span> электронное </li>                        <li class="tec-char"><span>Таймер:</span> Есть </li>                        <li class="tec-char"><span>Мощность:</span> 860 Вт</li>                        <li class="tec-char"><span>Тип:</span> мультиварка </li>                        <li class="tec-char"><span>Максимальное время установки таймера:</span> 24 ч</li>                        <li class="tec-char"><span>Отложенный старт:</span> Есть </li>                        <li class="tec-char"><span>Поддержание тепла:</span> Есть </li>						</ul>;<table class="item-tec-char" id="tthtable">						<tr><th colspan="2"></th></tr>						<tr><th colspan="2">Габариты</th></tr>						<tr><td class="tthlbl">Высота:</td><td>25см</td></tr>						<tr><td class="tthlbl">Глубина:</td><td>20см</td></tr>						<tr><td class="tthlbl">Ширина:</td><td>39см</td></tr>						<tr><th colspan="2">Общие характеристики</th></tr>						<tr><td class="tthlbl">Объем:</td><td>5л</td></tr>						<tr><td class="tthlbl">Приготовление на пару:</td><td>Есть</td></tr>						<tr><td class="tthlbl">Тип управления:</td><td>электронное</td></tr>						<tr><th colspan="2">Особенности</th></tr>						<tr><td class="tthlbl">Таймер:</td><td>Есть</td></tr>						<tr><th colspan="2">Технические характеристики</th></tr>						<tr><td class="tthlbl">Выпечка:</td><td>Есть</td></tr>						<tr><td class="tthlbl">Мощность:</td><td>860Вт</td></tr>						<tr><td class="tthlbl">Тип:</td><td>мультиварка</td></tr>						<tr><td class="tthlbl">Тушение:</td><td>Есть</td></tr>						<tr><th colspan="2">Управление и программы</th></tr>						<tr><td class="tthlbl">Количество автоматических программ:</td><td>16</td></tr>						<tr><td class="tthlbl">Максимальное время установки таймера:</td><td>24ч</td></tr>						<tr><td class="tthlbl">Отложенный старт:</td><td>Есть</td></tr>						<tr><td class="tthlbl">Поддержание тепла:</td><td>Есть</td></tr>					</table>;4990;assets/images/kuhonnaya-technika/multivarki/Multivarka-REDMOND-RMC-M4502-chernaya_STIzMjIyNlR0TDE4MA.jpg;assets/images/kuhonnaya-technika/multivarki/Multivarka-REDMOND-RMC-M4502-chernaya_STIzMjIyNlRp.jpg;REDMOND;
39;Мультиварка MOULINEX CE 4000;<ul class="tec-char">                        <li class="tec-char"><span>Код марки:</span> <a href="http://www.electrovenik.ru/catalog/small/melkaja_kuhonnaja_tehnika/multivarki?mfr=1454">MOULINEX</a> </li>                        <li class="tec-char"><span>Объем:</span> 6 л</li>                        <li class="tec-char"><span>Тип управления:</span> электронное </li>                        <li class="tec-char"><span>Таймер:</span> Есть </li>                        <li class="tec-char"><span>Мощность:</span> 1000 Вт</li>                        <li class="tec-char"><span>Тип:</span> мультиварка </li>                        <li class="tec-char"><span>Отложенный старт:</span> Есть </li>                        <li class="tec-char"><span>Поддержание тепла:</span> Есть </li>						</ul>;<table class="item-tec-char" id="tthtable">						<tr><th colspan="2"></th></tr>						<tr><th colspan="2">Общие характеристики</th></tr>						<tr><td class="tthlbl">Объем:</td><td>6л</td></tr>						<tr><td class="tthlbl">Тип управления:</td><td>электронное</td></tr>						<tr><th colspan="2">Особенности</th></tr>						<tr><td class="tthlbl">Таймер:</td><td>Есть</td></tr>						<tr><th colspan="2">Технические характеристики</th></tr>						<tr><td class="tthlbl">Мощность:</td><td>1000Вт</td></tr>						<tr><td class="tthlbl">Тип:</td><td>мультиварка</td></tr>						<tr><th colspan="2">Управление и программы</th></tr>						<tr><td class="tthlbl">Отложенный старт:</td><td>Есть</td></tr>						<tr><td class="tthlbl">Поддержание тепла:</td><td>Есть</td></tr>					</table>;5074;assets/images/kuhonnaya-technika/multivarki/Multivarka-MOULINEX-CE-4000_STIyOTY2N1R0TDE4MA.jpg;assets/images/kuhonnaya-technika/multivarki/Multivarka-MOULINEX-CE-4000_STIyOTY2N1Rp.jpg;MOULINEX;
39;Мультиварка LANDLIFE YBD 50-90A1 W;<ul class="tec-char">                        <li class="tec-char"><span>Код марки:</span> <a href="http://www.electrovenik.ru/catalog/small/melkaja_kuhonnaja_tehnika/multivarki?mfr=2725">LANDLIFE</a> </li>                        <li class="tec-char"><span>Объем:</span> 5 л</li>                        <li class="tec-char"><span>Тип управления:</span> электронное </li>                        <li class="tec-char"><span>Таймер:</span> Есть </li>                        <li class="tec-char"><span>Мощность:</span> 800 Вт</li>                        <li class="tec-char"><span>Тип:</span> скороварка </li>                        <li class="tec-char"><span>Отложенный старт:</span> Есть </li>                        <li class="tec-char"><span>Поддержание тепла:</span> Есть </li>						</ul>;<table class="item-tec-char" id="tthtable">						<tr><th colspan="2"></th></tr>						<tr><th colspan="2">Общие характеристики</th></tr>						<tr><td class="tthlbl">Объем:</td><td>5л</td></tr>						<tr><td class="tthlbl">Тип управления:</td><td>электронное</td></tr>						<tr><th colspan="2">Особенности</th></tr>						<tr><td class="tthlbl">Таймер:</td><td>Есть</td></tr>						<tr><th colspan="2">Технические характеристики</th></tr>						<tr><td class="tthlbl">Каша:</td><td>Есть</td></tr>						<tr><td class="tthlbl">Крупа:</td><td>Есть</td></tr>						<tr><td class="tthlbl">Мощность:</td><td>800Вт</td></tr>						<tr><td class="tthlbl">Тип:</td><td>скороварка</td></tr>						<tr><td class="tthlbl">Тушение:</td><td>Есть</td></tr>						<tr><th colspan="2">Управление и программы</th></tr>						<tr><td class="tthlbl">Количество автоматических программ:</td><td>4</td></tr>						<tr><td class="tthlbl">Отложенный старт:</td><td>Есть</td></tr>						<tr><td class="tthlbl">Поддержание тепла:</td><td>Есть</td></tr>					</table>;5150;assets/images/kuhonnaya-technika/multivarki/Multivarka-LANDLIFE-YBD-50-90A1-W_STQzMDIwVHRMMTgw.jpg;assets/images/kuhonnaya-technika/multivarki/Multivarka-LANDLIFE-YBD-50-90A1-W_STQzMDIwVGk.jpg;LANDLIFE;
39;Мультиварка LANDLIFE YBD 50-90A1 W;<ul class="tec-char">                        <li class="tec-char"><span>Код марки:</span> <a href="http://www.electrovenik.ru/catalog/small/melkaja_kuhonnaja_tehnika/multivarki?mfr=2725">LANDLIFE</a> </li>                        <li class="tec-char"><span>Объем:</span> 5 л</li>                        <li class="tec-char"><span>Тип управления:</span> электронное </li>                        <li class="tec-char"><span>Таймер:</span> Есть </li>                        <li class="tec-char"><span>Мощность:</span> 800 Вт</li>                        <li class="tec-char"><span>Тип:</span> скороварка </li>                        <li class="tec-char"><span>Отложенный старт:</span> Есть </li>                        <li class="tec-char"><span>Поддержание тепла:</span> Есть </li>						</ul>;<table class="item-tec-char" id="tthtable">						<tr><th colspan="2"></th></tr>						<tr><th colspan="2">Общие характеристики</th></tr>						<tr><td class="tthlbl">Объем:</td><td>5л</td></tr>						<tr><td class="tthlbl">Тип управления:</td><td>электронное</td></tr>						<tr><th colspan="2">Особенности</th></tr>						<tr><td class="tthlbl">Таймер:</td><td>Есть</td></tr>						<tr><th colspan="2">Технические характеристики</th></tr>						<tr><td class="tthlbl">Каша:</td><td>Есть</td></tr>						<tr><td class="tthlbl">Крупа:</td><td>Есть</td></tr>						<tr><td class="tthlbl">Мощность:</td><td>800Вт</td></tr>						<tr><td class="tthlbl">Тип:</td><td>скороварка</td></tr>						<tr><td class="tthlbl">Тушение:</td><td>Есть</td></tr>						<tr><th colspan="2">Управление и программы</th></tr>						<tr><td class="tthlbl">Количество автоматических программ:</td><td>4</td></tr>						<tr><td class="tthlbl">Отложенный старт:</td><td>Есть</td></tr>						<tr><td class="tthlbl">Поддержание тепла:</td><td>Есть</td></tr>					</table>;5150;assets/images/kuhonnaya-technika/multivarki/Multivarka-LANDLIFE-YBD-50-90A1-W_STQzMDIwVHRMMTgw.jpg;assets/images/kuhonnaya-technika/multivarki/Multivarka-LANDLIFE-YBD-50-90A1-W_STQzMDIwVGk.jpg;LANDLIFE;
39;Мультиварка LANDLIFE YBD 50-90A1 X;<ul class="tec-char">                        <li class="tec-char"><span>Код марки:</span> <a href="http://www.electrovenik.ru/catalog/small/melkaja_kuhonnaja_tehnika/multivarki?mfr=2725">LANDLIFE</a> </li>                        <li class="tec-char"><span>Объем:</span> 5 л</li>                        <li class="tec-char"><span>Тип управления:</span> электронное </li>                        <li class="tec-char"><span>Таймер:</span> Есть </li>                        <li class="tec-char"><span>Мощность:</span> 800 Вт</li>                        <li class="tec-char"><span>Тип:</span> мультиварка </li>                        <li class="tec-char"><span>Максимальное время установки таймера:</span> 9 ч</li>                        <li class="tec-char"><span>Отложенный старт:</span> Есть </li>                        <li class="tec-char"><span>Поддержание тепла:</span> Есть </li>						</ul>;<table class="item-tec-char" id="tthtable">						<tr><th colspan="2"></th></tr>						<tr><th colspan="2">Общие характеристики</th></tr>						<tr><td class="tthlbl">Объем:</td><td>5л</td></tr>						<tr><td class="tthlbl">Тип управления:</td><td>электронное</td></tr>						<tr><th colspan="2">Особенности</th></tr>						<tr><td class="tthlbl">Таймер:</td><td>Есть</td></tr>						<tr><th colspan="2">Технические характеристики</th></tr>						<tr><td class="tthlbl">Каша:</td><td>Есть</td></tr>						<tr><td class="tthlbl">Крупа:</td><td>Есть</td></tr>						<tr><td class="tthlbl">Мощность:</td><td>800Вт</td></tr>						<tr><td class="tthlbl">Тип:</td><td>мультиварка</td></tr>						<tr><td class="tthlbl">Тушение:</td><td>Есть</td></tr>						<tr><th colspan="2">Управление и программы</th></tr>						<tr><td class="tthlbl">Максимальное время установки таймера:</td><td>9ч</td></tr>						<tr><td class="tthlbl">Отложенный старт:</td><td>Есть</td></tr>						<tr><td class="tthlbl">Поддержание тепла:</td><td>Есть</td></tr>					</table>;5150;assets/images/kuhonnaya-technika/multivarki/Multivarka-LANDLIFE-YBD-50-90A1-X_STQzMDEwVHRMMTgw.jpg;assets/images/kuhonnaya-technika/multivarki/Multivarka-LANDLIFE-YBD-50-90A1-X_STQzMDEwVGk.jpg;LANDLIFE;
39;Мультиварка-хлебопечка BINATONE BM 2170;<ul class="tec-char">                        <li class="tec-char"><span>Код марки:</span> <a href="http://www.electrovenik.ru/catalog/small/melkaja_kuhonnaja_tehnika/multivarki?mfr=303">BINATONE</a> </li>                        <li class="tec-char"><span>Запас памяти при сбое электропитания:</span> 10 мин</li>                        <li class="tec-char"><span>Выбор цвета корочки:</span> Есть </li>                        <li class="tec-char"><span>Максимальный вес выпечки:</span> 900 г</li>                        <li class="tec-char"><span>Регулировка веса выпечки:</span> Есть </li>                        <li class="tec-char"><span>Тип управления:</span> электронное </li>                        <li class="tec-char"><span>Форма выпечки:</span> буханка </li>                        <li class="tec-char"><span>Материал корпуса:</span> пластик </li>                        <li class="tec-char"><span>Таймер:</span> Есть </li>                        <li class="tec-char"><span>Количество программ выпечки:</span> 16 </li>                        <li class="tec-char"><span>Мощность:</span> 1260 Вт</li>                        <li class="tec-char"><span>Тип:</span> мультиварка </li>                        <li class="tec-char"><span>Максимальное время установки таймера:</span> 12 ч</li>                        <li class="tec-char"><span>Отложенный старт:</span> Есть </li>                        <li class="tec-char"><span>Поддержание тепла:</span> Есть </li>						</ul>;<table class="item-tec-char" id="tthtable">						<tr><th colspan="2"></th></tr>						<tr><th colspan="2">Дополнительная информация</th></tr>						<tr><td class="tthlbl">Диспенсер:</td><td>Нет</td></tr>						<tr><td class="tthlbl">Запас памяти при сбое электропитания:</td><td>10мин</td></tr>						<tr><td class="tthlbl">Особенности:</td><td>автоматическое приготовление первых и вторых горячих блюд, десертов: супов, каш, тушеных овощей, плова, йогурта, джема</td></tr>						<tr><td class="tthlbl">Подсветка дисплея:</td><td>Есть</td></tr>						<tr><th colspan="2">Общие характеристики</th></tr>						<tr><td class="tthlbl">Выбор цвета корочки:</td><td>Есть</td></tr>						<tr><td class="tthlbl">Максимальный вес выпечки:</td><td>900г</td></tr>						<tr><td class="tthlbl">Поддержание температуры:</td><td>Есть</td></tr>						<tr><td class="tthlbl">Регулировка веса выпечки:</td><td>Есть</td></tr>						<tr><td class="tthlbl">Таймер:</td><td>Есть</td></tr>						<tr><td class="tthlbl">Тип управления:</td><td>электронное</td></tr>						<tr><td class="tthlbl">Форма выпечки:</td><td>буханка</td></tr>						<tr><th colspan="2">Особенности</th></tr>						<tr><td class="tthlbl">Материал корпуса:</td><td>пластик</td></tr>						<tr><td class="tthlbl">Таймер:</td><td>Есть</td></tr>						<tr><th colspan="2">Программы</th></tr>						<tr><td class="tthlbl">Варенье:</td><td>Есть</td></tr>						<tr><td class="tthlbl">Замес теста:</td><td>Есть</td></tr>						<tr><td class="tthlbl">Количество программ выпечки:</td><td>16</td></tr>						<tr><td class="tthlbl">Ускоренная выпечка:</td><td>Есть</td></tr>						<tr><th colspan="2">Технические характеристики</th></tr>						<tr><td class="tthlbl">Выпечка:</td><td>Есть</td></tr>						<tr><td class="tthlbl">Каша:</td><td>Есть</td></tr>						<tr><td class="tthlbl">Мощность:</td><td>1260Вт</td></tr>						<tr><td class="tthlbl">Тип:</td><td>мультиварка</td></tr>						<tr><td class="tthlbl">Тушение:</td><td>Есть</td></tr>						<tr><th colspan="2">Управление и программы</th></tr>						<tr><td class="tthlbl">Максимальное время установки таймера:</td><td>12ч</td></tr>						<tr><td class="tthlbl">Отложенный старт:</td><td>Есть</td></tr>						<tr><td class="tthlbl">Поддержание тепла:</td><td>Есть</td></tr>					</table>;5249;assets/images/kuhonnaya-technika/multivarki/Multivarka-khlebopechka-BINATONE-BM-2170_STIyNzUxOFR0TDE4MA.jpg;assets/images/kuhonnaya-technika/multivarki/Multivarka-khlebopechka-BINATONE-BM-2170_STIyNzUxOFRp.jpg;BINATONE;
39;Мультиварка PANASONIC SR-TMH18 LTW;<ul class="tec-char">                        <li class="tec-char"><span>Код марки:</span> <a href="http://www.electrovenik.ru/catalog/small/melkaja_kuhonnaja_tehnika/multivarki?mfr=1617">PANASONIC</a> </li>                        <li class="tec-char"><span>Высота:</span> 27.5 см</li>                        <li class="tec-char"><span>Глубина:</span> 27.6 см</li>                        <li class="tec-char"><span>Ширина:</span> 27.4 см</li>                        <li class="tec-char"><span>Объем:</span> 4.5 л</li>                        <li class="tec-char"><span>Тип управления:</span> электронное </li>                        <li class="tec-char"><span>Таймер:</span> Есть </li>                        <li class="tec-char"><span>Мощность:</span> 670 Вт</li>                        <li class="tec-char"><span>Максимальное время установки таймера:</span> 13 ч</li>                        <li class="tec-char"><span>Отложенный старт:</span> Есть </li>                        <li class="tec-char"><span>Поддержание тепла:</span> Есть </li>						</ul>;<table class="item-tec-char" id="tthtable">						<tr><th colspan="2"></th></tr>						<tr><th colspan="2">Габариты</th></tr>						<tr><td class="tthlbl">Высота:</td><td>27.5см</td></tr>						<tr><td class="tthlbl">Глубина:</td><td>27.6см</td></tr>						<tr><td class="tthlbl">Ширина:</td><td>27.4см</td></tr>						<tr><th colspan="2">Габариты и вес</th></tr>						<tr><td class="tthlbl">Вес:</td><td>2.8кг</td></tr>						<tr><th colspan="2">Общие характеристики</th></tr>						<tr><td class="tthlbl">Объем:</td><td>4.5л</td></tr>						<tr><td class="tthlbl">Приготовление на пару:</td><td>Есть</td></tr>						<tr><td class="tthlbl">Тип управления:</td><td>электронное</td></tr>						<tr><th colspan="2">Особенности</th></tr>						<tr><td class="tthlbl">Таймер:</td><td>Есть</td></tr>						<tr><th colspan="2">Технические характеристики</th></tr>						<tr><td class="tthlbl">Выпечка:</td><td>Есть</td></tr>						<tr><td class="tthlbl">Каша:</td><td>Есть</td></tr>						<tr><td class="tthlbl">Крупа:</td><td>Есть</td></tr>						<tr><td class="tthlbl">Мощность:</td><td>670Вт</td></tr>						<tr><td class="tthlbl">Тушение:</td><td>Есть</td></tr>						<tr><th colspan="2">Управление и программы</th></tr>						<tr><td class="tthlbl">Количество автоматических программ:</td><td>6</td></tr>						<tr><td class="tthlbl">Максимальное время установки таймера:</td><td>13ч</td></tr>						<tr><td class="tthlbl">Особенности:</td><td>контейнер-пароварка книга с рецептамим</td></tr>						<tr><td class="tthlbl">Отложенный старт:</td><td>Есть</td></tr>						<tr><td class="tthlbl">Поддержание тепла:</td><td>Есть</td></tr>					</table>;5850;assets/images/kuhonnaya-technika/multivarki/Multivarka-PANASONIC-SR-TMH18-LTW_STQyMTgxVHRMMTgw.jpg;assets/images/kuhonnaya-technika/multivarki/Multivarka-PANASONIC-SR-TMH18-LTW_STQyMTgxVGk.jpg;PANASONIC;
